{
    "features": 1005.149650812149,
    "process_features_model_1_ptm_pred_0": 3.9091196060180664,
    "predict_and_compile_model_1_ptm_pred_0": 113.27622079849243,
    "process_features_model_2_ptm_pred_0": 2.5442955493927,
    "predict_and_compile_model_2_ptm_pred_0": 115.2840051651001,
    "process_features_model_3_ptm_pred_0": 1.6742846965789795,
    "predict_and_compile_model_3_ptm_pred_0": 88.85329031944275,
    "process_features_model_4_ptm_pred_0": 2.4725935459136963,
    "predict_and_compile_model_4_ptm_pred_0": 92.1404321193695,
    "process_features_model_5_ptm_pred_0": 2.513460159301758,
    "predict_and_compile_model_5_ptm_pred_0": 92.78375887870789,
    "relax_model_3_ptm_pred_0": 11.084221839904785
}