{
    "plddts": {
        "model_1_ptm_pred_0": 96.25688295623127,
        "model_2_ptm_pred_0": 96.29014978805725,
        "model_3_ptm_pred_0": 95.72804199837562,
        "model_4_ptm_pred_0": 95.89877538433419,
        "model_5_ptm_pred_0": 96.08991291951052
    },
    "order": [
        "model_2_ptm_pred_0",
        "model_1_ptm_pred_0",
        "model_5_ptm_pred_0",
        "model_4_ptm_pred_0",
        "model_3_ptm_pred_0"
    ]
}